5CA15A6B,08539AED
5CA15A6B,5DFF0F39
5CA15A6B,7FDE291E
5CA15A6B,807F8EEB
5CA15A6B,002EEB07
5CA15A6B,7746FE50
5CA15A6B,800DE700
5CA15A6B,00179A64
5CA15A6B,764642C6
5CA15A6B,7946FA26
80CD4B38,5CA15A6B
5CA15A6B,0D4D1825
5CA15A6B,5B57A195
5CA15A6B,5D0FE752
5CA15A6B,7EBE8557
5CA15A6B,7A61221C
5CA15A6B,8117CE44
5CA15A6B,7D0262BA
5CA15A6B,7BEEF2A8
5CA15A6B,7E52EFF0
5CA15A6B,02A2CE9A
80C3CE15,5CA15A6B
5CA15A6B,7F91FE51
588F8575,783E20F6
588F8575,598777E4
588F8575,7BC84852
588F8575,03CDBCC6
7E09AEE3,588F8575
588F8575,7EFF89A2
588F8575,048DF136
588F8575,5E445DA1
588F8575,5C04C0E6
75F64296,7FC42A11
7FC42A11,80D71C24
7FC42A11,806D3ADE
793CDBEB,7FC42A11
7FC42A11,07ED474B
7FC42A11,7FC42B95
7FC42A11,80D2CF2F
7FF7CC8E,7FC42A11
07288E2D,7FC42A11
7FC42A11,80DCF689
5E196AE2,7FC42A11
7FC42A11,5C477088
7F392D1B,7FC42A11
7FC42A11,2C9C3150
7FC42A11,6FC5C275
7FC42A11,7E027FC0
59E585CA,7FC42A11
80288FC4,7FC42A11
7FC42A11,01A82BF3
7FC42A11,77BE415B
80D511E0,7FC42A11
705DB69B,7FC42A11
7FC42A11,7F155049
49D972C7,7FC42A11
7FC42A11,80113EB7
7FC42A11,5C68F3A4
7FC42A11,7C9B47C8
7FC42A11,0D620146
7FC42A11,01613C86
7EED77B1,7FC42A11
75D9AA10,752CB174
75D9AA10,7C004B2D
7C004B2D,75D9AA10
75D9AA10,766ECD92
75D9AA10,7F4C9A1E
75D9AA10,5B002172
75D9AA10,5AE37832
75D9AA10,7DB95483
75D9AA10,774F57B2
75D9AA10,7F01E8C5
75D9AA10,7FD2E506
75D9AA10,80604EC9
75D9AA10,78580D9E
75D9AA10,7AA10C78
75D9AA10,097282C2
75D9AA10,816ADD55
75D9AA10,7E3BDD22
75D9AA10,81163150
75D9AA10,747763C4
75D9AA10,751E63E5
75D9AA10,78DF6A9E
75D9AA10,7C14FE94
75D9AA10,77B74161
75D9AA10,7A44799B
75D9AA10,802FD443
75D9AA10,791B7825
75D9AA10,7E6A3532
77249A0F,75D9AA10
75D9AA10,7F5B5445
75D9AA10,8059ABA9
75D9AA10,02AFACAF
75D9AA10,7D017AA4
75D9AA10,80D2E246
75D9AA10,5A57EC7F
75D9AA10,7B176685
7C8A1450,80AB42F4
7C8A1450,7A17B5B5
7C8A1450,7FE28271
7C8A1450,7ADE1221
7C8A1450,7C5C4130
7C8A1450,757E2A52
7C8A1450,7784E53E
7C8A1450,764B2FF6
7C8A1450,7E160456
790E7899,7966B9F6
790E7899,02E06458
790E7899,5F01817F
790E7899,80D2CF2F
76D9E272,790E7899
8256AF83,7CFFF727
7CFFF727,75C463D0
823F84CB,7CFFF727
7CFFF727,7BBFD645
6CA3F89E,7CFFF727
7CFFF727,811F533B
5E776DBE,810C4807
5E776DBE,7D5CF29D
5E776DBE,747993F9
5E776DBE,799C27B2
5E776DBE,00A93CD4
5EBA00E0,5E776DBE
5E776DBE,826652D6
8156F846,5E776DBE
5E776DBE,043F8294
7DBC2806,5DE8CBB4
5DE8CBB4,120F51DB
5DE8CBB4,8066266A
5DE8CBB4,01F514DB
5DE8CBB4,06AD557C
70894292,75BDAB55
70894292,5EEC2810
70894292,700A18C6
70894292,7ADC0481
70894292,7860D487
60399443,70894292
801EBF7D,70894292
70894292,79404B58
70894292,5D9911A3
6FF98D92,7DABC48D
6FF98D92,7CF02505
6FF98D92,5B4E2568
6FF98D92,7FB85120
7D80BEC8,5B65883C
7D80BEC8,7FEF1DA5
7D80BEC8,769E8725
7D80BEC8,7D03EF34
7D80BEC8,7E2AFC92
0298DA01,7D80BEC8
811770E9,7D80BEC8
7D80BEC8,7FCCC7EA
7D80BEC8,80ADA9CB
7D80BEC8,7FF7EC3C
808810DA,5B3324FC
5B3324FC,5D29AAED
5B3324FC,7E46F7BE
5B3324FC,02A151EB
5B3324FC,788A643A
5B3324FC,7E0E47FA
5B3324FC,7E808075
5B3324FC,06088CAA
03667986,0287704B
03667986,80A05050
03667986,5C63B327
03667986,78583BE3
03667986,807F4032
5D28C802,7C556276
5D28C802,757C8366
5D28C802,0178553E
5D28C802,797A5BE7
5D28C802,094EAADE
5D28C802,78EE1328
5D28C802,7E2FB864
5D28C802,80259FD9
5D28C802,086A7C4A
5D28C802,09E44CF4
5D28C802,75A73514
5D28C802,776033A5
5D28C802,7A33018B
5D28C802,7F9129EC
5D28C802,5FCEB857
5D28C802,75550E4A
7ADA19D1,5D28C802
5D28C802,80349A01
5D28C802,7C93FFA6
5D28C802,5C2961BF
5D28C802,77C34E95
5D28C802,76A57F3A
5D28C802,7D52155B
5D28C802,76AD0BD9
5D28C802,5F367B64
5D28C802,815BC568
053CF76C,5572F3BE
5572F3BE,80AEDC2D
5572F3BE,7E7BAC59
5572F3BE,7D8B4E4E
5572F3BE,7E4BF96C
5572F3BE,7E5A030A
5572F3BE,7D856295
5572F3BE,7A8457A0
5572F3BE,8052FE55
5572F3BE,7D134E16
5572F3BE,8116970D
5572F3BE,80247A8E
78C37164,5572F3BE
5572F3BE,7EB90CA0
5572F3BE,8178C513
5572F3BE,7A822DEF
72ED30DC,7F97D4B1
72ED30DC,7647667B
72ED30DC,76314196
72ED30DC,7930C82E
635FC6DC,72ED30DC
72ED30DC,7D180959
72ED30DC,7AC16FFB
5EFE473A,7C2CFAAD
5EFE473A,76C92EA9
5EFE473A,0047DCC3
5EFE473A,7F1441CF
5C40A4C1,6BDA16E1
5EADDE35,6BDA16E1
8124CA27,6BDA16E1
6BDA16E1,7B72956A
7DC9903F,5C901CBB
5C901CBB,765B5548
5C901CBB,7F0B5E8F
7ECC8C00,7746FE50
7ECC8C00,7FE2072D
7ECC8C00,7C2F5E9E
7ECC8C00,5B190BC5
5908A4B0,7546E5BF
5908A4B0,75A85432
5908A4B0,7A56D240
5908A4B0,7AA8DBF7
5908A4B0,58FEC52F
5908A4B0,5940D213
5908A4B0,77611398
068B7A1E,5F9536A9
5F9536A9,78ADFC85
5F9536A9,5C4636CB
5F9536A9,76E21B07
5F9536A9,801BDE76
5F9536A9,7CF882E9
7DECD0BB,5F9536A9
7E054B96,5F9536A9
5F9536A9,7B36D4EE
5F9536A9,7E514C70
5F9536A9,7DBC8252
76B4CE0D,5F9536A9
5F9536A9,7F57976F
5F9536A9,7A5D06B5
5F9536A9,7E9F8F3F
7E6B6FEA,7B37F2F4
80998A06,7B37F2F4
5AF7D8F3,7B37F2F4
7D75A0FB,7B37F2F4
7D5D794B,7B37F2F4
7B37F2F4,0BFBFD20
70E1D1AF,7B37F2F4
7B37F2F4,7461D54F
72C7DFD8,7B37F2F4
80218CB6,7B37F2F4
74D15E36,7B37F2F4
7B37F2F4,0331D2C5
7F18C4FF,7B37F2F4
7F46FD28,7B37F2F4
6CDCB3D2,7B37F2F4
7B37F2F4,80734E7B
7B37F2F4,7558F28F
7B37F2F4,81232905
7F3E4C76,7B37F2F4
74BFD4EC,7B37F2F4
81165FBC,7B37F2F4
7B37F2F4,7D38BB16
604CE5AC,7B37F2F4
7B37F2F4,5BFE4FCC
7FB0D712,7B37F2F4
70D61402,7B37F2F4
7DB04A78,7B37F2F4
837E358C,7B37F2F4
15D30172,7B37F2F4
72867350,7B37F2F4
61FDDDAB,7B37F2F4
7B37F2F4,7F4CC032
7B37F2F4,808BA627
7B37F2F4,784CAF13
7B37F2F4,03AC6A5E
7B37F2F4,69043C51
7D4F7156,7B37F2F4
6001E34A,7B37F2F4
6F0E6B39,7B37F2F4
802B8377,7B37F2F4
76558439,7B37F2F4
8066429A,7B37F2F4
78E2D929,7EC49C80
78E2D929,7D22E70B
7D22E70B,78E2D929
78E2D929,7EFAC7FD
7B75F3C8,78E2D929
6DE6C51E,78E2D929
78E2D929,785E3445
78E2D929,7E82541E
075B5D07,78E2D929
7F346D67,78E2D929
79702016,78E2D929
78E2D929,7D717379
7A59DF90,78E2D929
78E2D929,7ACD0AF2
7A85E395,78E2D929
78E2D929,8046E763
7A088879,78E2D929
78E2D929,58AEF09B
69FEAB0B,78DD66F9
78DD66F9,5CF541E0
78DD66F9,7DE1DC13
78DD66F9,7FF483AF
78DD66F9,5BBFD508
7ACA3B46,78DD66F9
78DD66F9,0203A5EB
78DD66F9,809CCD94
7CB440B7,78DD66F9
78DD66F9,5F36FCDE
78DD66F9,7D04D1D9
78DD66F9,7E0E779B
7E30E649,78DD66F9
78DD66F9,80444429
78DD66F9,0BF19A05
78DD66F9,776A248A
78DD66F9,807A2191
78DD66F9,77725C42
78DD66F9,017F108D
5FEC8B3B,78DD66F9
78DD66F9,0940BDCF
78DD66F9,6E466D5F
78DD66F9,7F9425A8
78DD66F9,7A34711C
804ABC23,78DD66F9
8239D858,7D36655D
8239D858,77B80AB8
8239D858,80A33363
8239D858,7E7732D3
8239D858,821DAEEE
8239D858,76157A80
8239D858,7A0D7876
8239D858,7D7DC33E
8239D858,6E79A2D0
8239D858,78AB2007
8239D858,5832949C
8239D858,80050E99
8239D858,0562B0C3
8239D858,7D6FD1AE
8239D858,7690A6C5
8239D858,78B6F3DB
8239D858,75FEFE5E
7DD93A71,6C8A8F5E
5D4C8F00,5DDB42A3
7FC3A64C,5DDB42A3
7CF01F14,5DDB42A3
7D71B113,5DDB42A3
7FCD3D8E,75A13D3A
7FCD3D8E,05D86C17
7FCD3D8E,816C4B2E
80181155,7D8D335C
80181155,7EF877AD
79D9FF03,80181155
80181155,7F58AE5A
80181155,0B8DD50F
80181155,7B0FB3A6
80181155,7D24458E
80181155,80CD81CD
7E81E439,80181155
80181155,7D2661F5
80B8E5C4,75DB772D
75DB772D,630B8E5D
75DB772D,78CA08B7
66F060B3,75DB772D
6F6D06CF,75DB772D
0E4BF001,75DB772D
5A3D5652,75DB772D
75DB772D,030A88EA
75DB772D,8165B961
75DB772D,7CE8CD41
75DB772D,7BAD4288
75DB772D,804AFA34
7EA3FDD1,75DB772D
75DB772D,7CCC6FF3
75DB772D,7ED671DB
75DB772D,7FF14716
09EBE64D,75DB772D
75DB772D,59ED017C
75DB772D,0A9B2DD3
75DB772D,764C5C5A
7BD15EE9,75DB772D
7DB00020,75DB772D
7FDE066D,75DB772D
75DB772D,79AE5C3C
75DB772D,05BFE0D5
75DB772D,59F592BC
75DB772D,78CD9846
75DB772D,76D080A8
71269D30,75DB772D
75DB772D,7FF6AE7D
7B628B2B,7FF14716
767FFC6F,7B628B2B
6B437F14,7B628B2B
781DF725,7B628B2B
7B628B2B,5FB914F1
7B628B2B,085812D9
7B628B2B,7B09088D
7B628B2B,05D093B9
7B628B2B,7DE9BA71
7EB8E192,7B628B2B
7B628B2B,5D7262C5
7B628B2B,772AD824
08D27CF5,7B628B2B
06461BA7,790B6725
06461BA7,564CCC6A
06461BA7,7FC2206C
06461BA7,80D5A362
06461BA7,7E88802D
7EECE0BC,0A162034
7EECE0BC,7F90B621
5BFC1E67,5A60CCEF
5BFC1E67,029DE0D4
5BFC1E67,5E8280EC
5BFC1E67,7D221ACF
04016304,0AF2DC68
04016304,7C587C50
04016304,7FBCFCBB
04016304,5901F37B
21D62A51,04016304
04016304,5D4DC460
04016304,77B17DE2
769F1458,04016304
04016304,595EFADA
7D1C50AB,04016304
5F3D263B,7868E891
7B1C5981,7868E891
7868E891,7CB7D174
7BAACE6E,7868E891
7868E891,76466902
80EC4026,7868E891
79831FF5,7868E891
7868E891,76D85940
7868E891,75EBE974
5F13A2EE,7868E891
7868E891,6F02D0CB
79E173EF,7868E891
7868E891,09542582
7DBB70A9,7868E891
5F49E942,7C687A02
06E42C7D,7C687A02
811A0507,7C687A02
8213C3FE,7C687A02
04BFAAE2,7C687A02
7F858BF4,7C687A02
826C1C54,7C687A02
7D59CD66,7C687A02
05E00803,7C687A02
7C687A02,0B6E7E46
7CEE6FEC,7C687A02
6C77740E,7C687A02
8109C115,7C687A02
82425D8D,7C687A02
049B859C,7C687A02
2EE9CC90,7C687A02
7E1605C9,7C687A02
5D3C5C69,7C687A02
070E7355,7C687A02
8118E76E,7C687A02
58C0E0E7,7C687A02
5E52BE86,7C687A02
78DA6A22,7C687A02
7AB2899D,7C687A02
7D1598C6,7C687A02
7D6ADEAA,7C687A02
7E09003B,7C687A02
7CA13FC6,7C687A02
7F6456E3,7C687A02
7C14F371,7C687A02
7D24D0EA,7C687A02
7C068123,7C687A02
8050C57C,7C687A02
72014929,7C687A02
75888E7D,7C687A02
7D1D8AD6,7C687A02
7B6CEFD0,7C687A02
7C21450D,7C687A02
7E4F1339,7C687A02
760E1767,7C687A02
7F6A6745,7C687A02
7FEBB071,7C687A02
089BEE97,7C687A02
5C8EE724,7C687A02
5FA7E1EC,7C687A02
5A91FE3C,7C687A02
5B9D0624,7C687A02
5CD13C3C,7C687A02
7B28E8C1,7C687A02
7C55223D,7C687A02
7FC5F904,7C687A02
05335347,7C687A02
7D7794F9,7C687A02
7E40C258,7C687A02
590DAAEE,7C687A02
628903D1,7C687A02
09C3E30B,7C687A02
732717F5,7C687A02
7CF38BF5,7C687A02
779B84A1,7C687A02
79819659,7C687A02
7E33FA8A,7C687A02
77604323,7C687A02
7BB9EF81,7C687A02
800B3C0E,7C687A02
0B582B1C,7C687A02
78DF6EAC,7C687A02
7A3CF7CB,7C687A02
825C4A6F,7C687A02
05833341,7C687A02
80C4F194,7C687A02
7C8EC0C9,7C687A02
7D859134,7C687A02
816036CF,7C687A02
7BD6744D,7C687A02
800F482E,7C687A02
80FEF55E,7C687A02
827F3DBE,7C687A02
7698A46E,7C687A02
7AA2CF40,7C687A02
04ABC5EA,7C687A02
7F5C9FD1,7C687A02
7F4A8C2A,7C687A02
7F7E8883,7C687A02
09A7DF15,7C687A02
76531BF6,7C687A02
7817200D,7C687A02
7929BF61,7C687A02
7806426C,7C687A02
79AE0DE2,7C687A02
7B2E34E2,7C687A02
7DBF6696,7C687A02
7E850359,7C687A02
5D82C062,7C687A02
80C7C4A4,7C687A02
813A0754,7C687A02
5A4C2593,7C687A02
7E23D48E,7C687A02
7A5E9A4D,7C687A02
7AE5C7C9,7C687A02
7F5ADDA3,7C687A02
8249A82D,7C687A02
5CDC2A11,7C687A02
7B72B48C,7C687A02
7EAFA809,7C687A02
13043EAB,7C687A02
7B9F19AD,7C687A02
7FAECD10,7C687A02
7E86A67C,7C687A02
59753D97,7C687A02
76F30997,7C687A02
7F83B5C6,7C687A02
0DCC3BF0,7C687A02
7EF340BE,7C687A02
010701DC,7C687A02
09737DE3,7C687A02
5F89D115,7C687A02
7733A8A3,7C687A02
7C687A02,7C868AAC
0ADE77CA,764642C6
764642C6,7746FE50
7FFCCF17,764642C6
764642C6,812B0C05
7BB3888D,764642C6
764642C6,7EAA1FF9
7B3BF418,764642C6
7E3433BD,764642C6
5CA15A6B,764642C6
7D2C6123,764642C6
7D68F4BA,764642C6
807DB0FD,764642C6
825B70DA,764642C6
7E504AC2,764642C6
7EA064A7,764642C6
807F69E1,764642C6
5BA76F28,764642C6
80D1CCF2,764642C6
78CEDFDA,764642C6
59A8A303,764642C6
764642C6,861DB24C
8098CAB5,764642C6
5D97892C,764642C6
7E90A831,764642C6
764642C6,80F1E69F
78AAE03E,764642C6
7DFB1CE4,764642C6
764642C6,593F23F6
80137B69,764642C6
8477DF62,764642C6
764642C6,7EB5A978
78936C27,764642C6
764642C6,7E7CD842
78B407CA,764642C6
5C707E34,764642C6
5EE2A94B,764642C6
764642C6,7D8B8AFC
764642C6,5959ADE7
764642C6,7EED3D16
7DB0AF23,764642C6
805411B3,764642C6
59594809,764642C6
7E6513F6,764642C6
81590B63,764642C6
834AD445,764642C6
75F2BD67,764642C6
7E7239DC,764642C6
81140423,764642C6
00179A64,764642C6
7D514624,764642C6
8093CD23,764642C6
77E144FC,764642C6
780C3177,764642C6
7FDDCD5C,764642C6
8270CE06,764642C6
755B4FC2,764642C6
03FAA15B,764642C6
821088E2,764642C6
7D32105A,764642C6
780E14A0,764642C6
80FCA1D6,764642C6
764642C6,7A61221C
5A983A1F,764642C6
7F590628,764642C6
764642C6,7CABC5CF
7D35791B,764642C6
764642C6,7958ED1A
764642C6,5E115CA4
7B4068CC,764642C6
7932C894,764642C6
7FA27D84,764642C6
7C027ADC,764642C6
764642C6,061F9A85
7E46299D,764642C6
07D9CFBD,764642C6
60A481AB,764642C6
764642C6,7946FA26
764642C6,7D2CA863
7A371178,764642C6
5B9BF8A8,764642C6
7905C524,6A2B233B
7E276A13,7905C524
5A9BBE82,7905C524
7905C524,7E6E41F6
7D07F220,7905C524
78778B8C,7905C524
5F500251,7905C524
76D11CCB,7905C524
7905C524,5CDF60CB
7F9CD412,7905C524
7905C524,71DA57B8
7905C524,0FA4DE56
7905C524,732DA121
7DAFB9EA,7905C524
75AEF125,7905C524
7905C524,6943557B
59C519C6,7905C524
6D799D28,7905C524
7905C524,7E9DAACE
7C732E76,7905C524
807B0561,7905C524
7905C524,80C4D31C
5BE85533,7905C524
7905C524,78394462
60F91DA8,7905C524
7905C524,5C0E4476
7EDC7F52,7905C524
750E3C01,7905C524
7905C524,75A297C8
7905C524,7F92AF97
7BF60B9A,7905C524
7DD0FAEC,7905C524
7905C524,805D226B
7905C524,7B8B8979
6F524092,7905C524
7EA9DABA,7905C524
55E41B4B,7905C524
7071F6FB,7905C524
7905C524,589C8DCF
7D341518,7905C524
8166C4F1,7905C524
7905C524,583E78A5
5C063754,7905C524
5958978F,7905C524
801791D6,7905C524
7905C524,78BEFB3A
7905C524,791606B2
5ABC10E7,7905C524
7905C524,78588F07
7905C524,7A68D5DB
7838B28F,7905C524
7DD383F0,7905C524
759E275A,7905C524
7EAF8EA8,7905C524
5B9A70F4,7905C524
7905C524,01AE73F2
8145F779,7905C524
5A8093D9,7905C524
7CBFD656,7905C524
7905C524,7E11A0B8
7DDE89DD,7BB8BF42
8145872F,7BB8BF42
113C787F,7BB8BF42
7BB8BF42,01BEAE0D
5C396242,7BB8BF42
7DA832BB,7BB8BF42
7BB8BF42,0945E31F
7DA985D1,7BB8BF42
75A538C1,7BB8BF42
80984B10,7BB8BF42
7E4F1339,7BB8BF42
822D55ED,7BB8BF42
7D2B2BE4,7BB8BF42
7AF5EE14,7BB8BF42
7838B28F,7B008E05
7B008E05,5DA58938
7B008E05,7F370479
76D11CCB,7B008E05
7B008E05,5B406C7D
7B008E05,7BF9C428
7071F6FB,7B008E05
02095206,7B008E05
7B008E05,7BB15AF0
7B008E05,7C75E82E
7B008E05,7C1EBA71
7B008E05,803486F1
7B008E05,7D3EEA30
7B008E05,8038BD94
146CF783,7B008E05
7FBE5E8B,7B008E05
7B008E05,774E4BDE
5958978F,7B008E05
7B008E05,7FB00CA1
7B008E05,7FD6F115
5B9A70F4,7B008E05
8145F779,7B008E05
779EC508,7B008E05
7B008E05,7DB7E8AA
7B008E05,5C27847E
7B008E05,5C396242
7B008E05,76C1E847
7B008E05,79DA46B1
7AE4049B,812313D9
7AE4049B,80F50646
7AE4049B,7B3E609A
7DF7356C,7AE4049B
7AE4049B,7F72554F
7AE4049B,59F592BC
5F31B766,7F1441CF
7F1441CF,5BDC051F
7F1441CF,76C92EA9
7F1441CF,0A22E743
07CC8BA3,7F1441CF
7F1441CF,7E54A098
7F1441CF,7936ACB6
7F1441CF,7A03747C
5EBEC7B3,7F1441CF
7D48A4CC,7F1441CF
7F1441CF,7C2CFAAD
06F92C5B,7F1441CF
7F1441CF,7B6C0DF2
77FE06D7,7F1441CF
7CE8BC49,7F1441CF
80D81F2F,7F1441CF
5EA9C1E9,7F1441CF
7F1441CF,5DFE89CF
7F1441CF,0BCC9B9E
7F1441CF,58AE0DFA
7D63CA42,7F1441CF
7F1441CF,5BF53C73
7F1441CF,7EA9C51B
72ABDBBA,7F1441CF
7E5D38CD,7F1441CF
7F1441CF,7FDE291E
7BC1160E,7F1441CF
801E5A18,7F1441CF
7F1441CF,7DC6C6E9
7F337653,7F1441CF
80AB6030,7F1441CF
7D762E5E,7F1441CF
7F1441CF,5CED5F34
7F1441CF,81272861
7F1441CF,7D1FCD87
7F1441CF,806D3D69
5EFE473A,7F1441CF
7DCAC862,7F1441CF
7F1441CF,0047DCC3
7AA12C28,5D9DC27A
7AA12C28,7FFDAA43
7AA12C28,821DA862
7AA12C28,7CCA499F
78A6FDEA,7AA12C28
7AA12C28,7EC3A618
7F215074,7AA12C28
7AA12C28,7F37DC38
7AA12C28,7D5A0570
7AA12C28,7E11CF0B
728F4075,7AA12C28
7AA12C28,7E4BD302
7AA12C28,10F38ABC
7AA12C28,81402403
75A6E56F,7AA12C28
7AA12C28,754776B0
7AA12C28,7F4825FE
097EE4DC,7AA12C28
7AA12C28,63BCB1FC
77206077,7AA12C28
81364B12,79A998E4
81364B12,7A61221C
81364B12,80FCBE60
81364B12,7F95FD75
81364B12,7BB15AF0
81364B12,79E45820
81364B12,7D27024D
81364B12,7EE4A800
81364B12,8109C45D
81364B12,802A45A5
81364B12,7A9A441A
81364B12,0368CEF0
81364B12,7746FE50
81364B12,80FF7C7F
81364B12,816EB348
81364B12,0B3DF2C3
81364B12,7A4667C3
592FCD76,7F92AF97
811B7C58,7F92AF97
7F92AF97,7F606C90
80C4D31C,7F92AF97
7F3361F1,7F92AF97
7F92AF97,805D226B
0525AEFC,7F92AF97
0205BE96,7F92AF97
7F9A9805,7F92AF97
0AAD9605,7F92AF97
5CFCA479,7F92AF97
854FA903,7F92AF97
7C968C04,7F92AF97
7E7A3D19,7F92AF97
7F92AF97,8005891F
7DB4CCB6,7F92AF97
5F8FB9BA,7F92AF97
7F92AF97,7E25BA16
7C050E52,7F92AF97
7F92AF97,75276842
77FA1623,7F92AF97
7FDE291E,7F92AF97
59260D80,7F92AF97
7F92AF97,78744B2A
58917A56,7F92AF97
732DA121,7F92AF97
7F2F0CDF,7F92AF97
7905C524,7F92AF97
7FA628FF,7F92AF97
7E0AAC6F,7F92AF97
7F92AF97,7A68D5DB
7DF978FA,7F92AF97
7E874417,7F92AF97
7F92AF97,7714B7F9
7CA439EB,7F92AF97
7CEC9405,7F92AF97
7F92AF97,7936ACB6
7F92AF97,7D777FEC
7F92AF97,7C8A5AA3
784AC26C,7F92AF97
807B5EEA,7F92AF97
68B67277,7F92AF97
6F5B183D,7F92AF97
750AE0C9,7F92AF97
77B682B2,7977DBE0
02513F0C,7977DBE0
8220177D,79E45820
7D0C0942,79E45820
80CC5A73,79E45820
80D4DEFF,79E45820
79E45820,7746FE50
79E45820,0B6E7E46
79E45820,7F9D58A0
780DB557,79E45820
5C560D11,79E45820
7DE2335C,79E45820
75255C45,79E45820
79E45820,7F8FB520
756E5F2E,79E45820
79E45820,5905665C
79E45820,7B087AC9
79BD204C,79E45820
79E45820,8110D62A
79AB4D27,79E45820
81364B12,79E45820
79E45820,79A8F08F
7BB3888D,79E45820
79E45820,78739CC6
7E9EA49C,79E45820
79E45820,70128864
7EF794C5,79E45820
79E45820,7A61221C
7A6E5C14,79E45820
7556A801,79E45820
7D37B57F,79E45820
79E45820,7EE4D27F
79E45820,7A4667C3
80ED1611,79E45820
025DFF15,79E45820
7B71F8CA,79E45820
79E45820,7D78A086
76D11CCB,79E45820
7838B28F,79E45820
79E45820,6015374C
79E45820,774E4BDE
79E45820,5F1E43C4
79E45820,816C11A2
79E45820,7D9FFCC3
79E45820,7A9A441A
8177BF98,79E45820
77230BE8,79E45820
8199DED3,79E45820
0A4A0DD5,79E45820
7FC27663,79E45820
5577B971,79E45820
79E45820,8019D03A
76F91101,79E45820
79E45820,77461866
7F31872A,0BA4E968
07619AE1,81658378
599F338D,81658378
7DFDB039,81658378
7E1A422D,81658378
7F9C2DBB,81658378
59FD0BBB,81658378
75364EF9,81658378
7869E721,81658378
790EFDC7,81658378
79FAEEBF,81658378
7C88DC7F,81658378
7EB02D78,81658378
802D3584,81658378
81658378,5CAADD64
81658378,7ED8AA36
82195719,81658378
5C8BCC64,81658378
7E05F20C,81658378
82826174,81658378
85B722EC,81658378
58BE5972,81658378
6BD5EB5F,81658378
76658CF8,81658378
7E490D0E,81658378
7EDB5383,81658378
0C3CC57A,81658378
5F3B3851,81658378
7C94431F,81658378
7E2EEE71,81658378
7F3D629B,81658378
811F0D59,81658378
8147EF58,81658378
064232CA,81658378
5DF6992B,81658378
75B14495,81658378
79C11D17,81658378
7E716E8D,81658378
7F84E625,81658378
80055A7A,81658378
5A784390,81658378
76D73D07,81658378
7C17A965,81658378
7D7FDB21,81658378
02ACDAE3,81658378
18A6DA85,81658378
5B5987FA,81658378
6E577AA2,81658378
7A51AEC7,81658378
7FFEC526,81658378
80D070A7,81658378
828126B9,81658378
6F1BA089,81658378
76F0DE2F,81658378
796F74F6,81658378
7DA59826,81658378
7EDD6847,81658378
8007281C,81658378
81658378,782A1D85
061A0AB2,81658378
5B807ECE,81658378
5C280F35,81658378
76444940,81658378
7C068BB6,81658378
7EF0E16D,81658378
81658378,79890B33
08CE5EFA,81658378
59F961F6,81658378
5D0E5371,81658378
7553E7C6,81658378
78D5DAC2,81658378
7FDA28F6,81658378
5D0AA9D9,81658378
7642CB89,81658378
7649942C,81658378
7C45C5BA,81658378
7FDDF9DB,81658378
5D990D45,81658378
76990DC8,81658378
7CE8C24A,81658378
7EA5C516,81658378
04081AC1,81658378
59EEAF3D,81658378
7D271F8C,81658378
7D76BAD1,81658378
826487FA,81658378
5BDD6679,81658378
5E0CBD2A,81658378
7F6EAC4F,81658378
80E0F388,81658378
80F65CE5,81658378
5BA87404,81658378
7205CD21,81658378
7666A3C3,81658378
773D065B,81658378
7EAD9EF2,81658378
7FD4CD10,81658378
38B04B64,81658378
58A34E15,81658378
5D5229B2,81658378
5EDA10B2,81658378
7CB928F7,81658378
7D637DC9,81658378
7F0CD6A3,81658378
7F5FE7D8,81658378
808D2D2A,81658378
0A528EDB,81658378
5E00A9DD,81658378
7D0DE706,81658378
5B82D509,81658378
7E1FAF9A,81658378
7E8CDBE3,81658378
7EB20C3B,81658378
808B9326,81658378
8152833B,81658378
81658378,5F18EACD
056E3F63,81658378
08B6E052,81658378
58A0A718,81658378
6DC9F500,81658378
701E7D38,81658378
79222EFE,81658378
7CAEE376,81658378
7E066EE1,81658378
7F67562A,81658378
809B9CFF,81658378
80A2570B,81658378
814AA6DD,81658378
5AD063B8,81658378
76CE2046,81658378
79C1B426,81658378
7EFA90E7,81658378
7FD2DCCB,81658378
5C698BC6,81658378
7C208ADF,81658378
7FA1117F,81658378
8028FF45,81658378
5B6E88A3,81658378
69ADE796,81658378
7AB3B3F2,81658378
7D2EA883,81658378
7F490AF2,81658378
019FE3F4,81658378
5886EC25,81658378
768EA691,81658378
7DB2DFBD,81658378
7E83DD00,81658378
7EF5E54A,81658378
8119CDB7,81658378
06AAFDF9,81658378
22DC86E3,81658378
5834AE17,81658378
5C26D0C9,81658378
5BAECE80,81658378
5F03A26C,81658378
763DCF33,81658378
7CF24516,81658378
7E2967D2,81658378
80425F62,81658378
80AE7DDE,81658378
80F850F6,81658378
08B37324,81658378
14BB8A6A,81658378
759F8325,81658378
76DEB6F2,81658378
79A0AC32,81658378
80AB20C3,81658378
8233A133,81658378
824F3A7D,81658378
5962063E,81658378
77424954,81658378
77D71286,81658378
7E2B176C,81658378
810B46D6,81658378
862307CF,81658378
79E4FB1E,81658378
7E6FE5BA,81658378
7EBB9ABA,81658378
0C1B8F2D,81658378
7DF5F6B1,81658378
7DFF8873,81658378
7F0D6A5E,81658378
80F40623,81658378
583F6445,81658378
598575EE,81658378
76D81F38,81658378
7C78DF42,81658378
7E6127FF,81658378
7EAC6CE2,81658378
8146326B,81658378
8268C648,81658378
5A30704A,81658378
5FB88C67,81658378
776F72E0,81658378
7B9D8F44,81658378
81658378,805BDD96
7998154E,81658378
7D49D9B6,81658378
5BEC2CAF,81658378
702E54C5,81658378
7CFCCF29,81658378
0777FEF5,81658378
5A27E6A3,81658378
7724A75C,81658378
7E764FDC,81658378
80CC5999,81658378
5B6FDC5F,81658378
6F2B6DD4,81658378
7D12A33A,81658378
7E568963,81658378
7F29B551,81658378
020BDAAC,81658378
1071A7A2,81658378
801E53C2,81658378
80742166,81658378
7573452D,81658378
783B003A,81658378
06E3D4FA,81658378
59760E98,81658378
79FE487F,81658378
7ADF4AA6,81658378
7C709100,81658378
7E614CE6,81658378
7F8F6003,81658378
0AB2CE39,81658378
5BC23B7C,81658378
6BEA8553,81658378
7519EC0B,81658378
7FF4DC60,81658378
8022A278,81658378
81658378,5F02FE51
5BAB025E,81658378
5D8FA968,81658378
5DA85917,81658378
75B5A05A,81658378
7D47CAA2,81658378
5A6D4ED3,81658378
5C52E839,81658378
5E923E8E,81658378
7C1636D3,81658378
7D10035A,81658378
7D3DB1E7,81658378
7D87418F,81658378
80972DB7,81658378
062841F1,81658378
5A564D60,81658378
5B038A17,81658378
623514AA,81658378
77396963,81658378
797E6AEC,81658378
79E4DE55,81658378
7C9AE2F9,81658378
81658378,76A86B05
7E504AC2,81658378
809B7A1B,81658378
142607EF,81658378
7CF205B8,81658378
057F0CB0,81658378
786D8BE8,81658378
5D059A0A,81658378
5F6F4A88,81658378
6E2B5D63,81658378
78C9FCFB,81658378
7AA2A3C6,81658378
7C617946,81658378
805A1791,81658378
8218D177,81658378
329D8C58,81658378
747D6AEB,81658378
75C988F7,81658378
78D8530C,81658378
7D54DE7D,81658378
80C27F49,81658378
5D3A986D,81658378
5F130B57,81658378
798BD808,81658378
7D629BD4,81658378
7EDC8FC6,81658378
806CA9BA,81658378
05A91203,81658378
7D30729B,81658378
7DD86FDC,81658378
7E4D0B1D,81658378
7C4FC841,81658378
7EB8075D,81658378
820A1F03,81658378
58FD815F,7A61221C
58FD815F,77FDAA2A
58FD815F,7D78A086
58FD815F,5B852EC7
58FD815F,7E082088
58FD815F,090859F3
58FD815F,7F9D58A0
58FD815F,7DDC527D
58FD815F,7F0C633E
58FD815F,78597F1F
5976AEC8,7A00BA42
5976AEC8,5C8D4577
5976AEC8,7C7F2CA1
7F4E7058,5976AEC8
5976AEC8,5CE0B697
5976AEC8,7A433436
75AB3984,5976AEC8
5976AEC8,7DD04BBD
5976AEC8,64217376
5976AEC8,7AACDAF1
5976AEC8,012AFEFE
5976AEC8,784A00CF
5B25694D,5976AEC8
5E7FA284,5976AEC8
821902FA,5976AEC8
5976AEC8,5EF06701
814D5A40,5976AEC8
5976AEC8,7B55219F
04B6631D,5976AEC8
7AD266E0,5976AEC8
5C0693DE,5976AEC8
79CA66A3,5976AEC8
3D4FA013,5976AEC8
5976AEC8,7985CEA1
7ED0D4A8,0B1BCD75
7FA41CA3,0B1BCD75
7D14D0D9,0B1BCD75
774259A8,7DA5451C
774259A8,7F4EF3D9
0D8E2477,774259A8
774259A8,7B2E5EC6
774259A8,04544F4A
5BB6EF32,774259A8
774259A8,7BD01032
774259A8,064737AA
774259A8,773772DC
774259A8,7A7F7E55
774259A8,7C214E0A
774259A8,7BD88377
774259A8,7860A3D0
774259A8,7F78C773
8570257F,5EC3272A
788F30D6,5EC3272A
59BE2731,5EC3272A
7D375DCE,5EC3272A
0AAB474A,5EC3272A
807D8315,5EC3272A
8120661C,5EC3272A
71960E67,5EC3272A
5D6EAE94,5EC3272A
5EC3272A,75260088
5EC3272A,78A9D13F
5EC3272A,03454654
5FA6815C,5EC3272A
7D429689,5EC3272A
5EC3272A,7A03747C
807297F6,5EC3272A
5EC3272A,0052E4B8
8044EFB6,5EC3272A
1260DDA1,5EC3272A
6CDD85DA,5EC3272A
67B13CE7,5EC3272A
7F6572F0,5EC3272A
0D87AC85,5EC3272A
740C34EA,5EC3272A
5EC3272A,016340B6
5EC3272A,7D4F1F22
772082F5,7F95A762
772082F5,7DD1AF3B
772082F5,7F354641
772082F5,5AA6F096
772082F5,79CD758F
772082F5,8118A037
772082F5,61D04767
772082F5,77F58AB3
772082F5,788FBDA7
772082F5,76957503
772082F5,7E529E9E
772082F5,81500FF0
772082F5,807829EC
772082F5,7B4906A8
772082F5,7746FE50
772082F5,808CE875
772082F5,80A76618
772082F5,7F5164FB
772082F5,80033669
772082F5,7DF41058
7C0ED960,811369E6
7C0ED960,7C9740D5
7C0ED960,815BDAB1
7C0ED960,63BCB1FC
7C0ED960,5EB302B6
7C0ED960,7E4B47DC
7C0ED960,7B21C72A
7C0ED960,5D25BB35
6EAD1557,7C0ED960
7D775F73,7C0ED960
79254578,7C0ED960
8100CC10,064737AA
8100CC10,04544F4A
8100CC10,8042F24C
8100CC10,7E61F204
8100CC10,7D332449
8100CC10,7A05DFCF
8100CC10,7F495574
8100CC10,773772DC
8100CC10,75CA103F
0BCD14C1,8100CC10
7C8C12C0,8100CC10
8100CC10,5BB6EF32
8100CC10,7D03A929
8100CC10,770B2787
4AC1E9FA,758ED401
80AAB19B,758ED401
758ED401,698CA760
7FEB69A1,758ED401
79E21D08,758ED401
5D884AA9,758ED401
758ED401,785FB60F
5A6AF7BD,758ED401
5AFFE2FC,758ED401
758ED401,0B6E7E46
5ADD42D9,758ED401
758ED401,5922A015
5CB6B8E7,758ED401
79786C4B,758ED401
8215FDFC,758ED401
758ED401,7E61A809
7F01F2A6,758ED401
7D08FB5F,758ED401
79A231F7,758ED401
758ED401,7C47CBD4
7870B6F5,758ED401
80761431,758ED401
7D211F1B,758ED401
7E4F1339,758ED401
7E47D41A,758ED401
758ED401,5E43C583
76B5BEE0,758ED401
7F4F15D0,758ED401
81745FBC,758ED401
758ED401,7D72461C
59CBA571,758ED401
7D1C242E,758ED401
7524112B,7BEE3FD3
7AF5A0F5,7BEE3FD3
7BEE3FD3,6049E046
7BEE3FD3,7F321311
7BEE3FD3,64217376
7BEE3FD3,7C43B6E0
7BEE3FD3,80B0F31B
7BEE3FD3,7D146171
7BEE3FD3,76E70C6C
7BEE3FD3,8075BD85
5B729858,641D5808
5B729858,77FC3422
5B3F9FD3,5B729858
5B729858,7F0960BD
7773834B,5B729858
5B729858,7EA9C51B
7AF69542,5B729858
780DB557,0C12E78C
780DB557,7C9A5FCE
780DB557,79E45820
780DB557,273CCA2F
780DB557,7D9FFCC3
780DB557,81149F5C
780DB557,7D278424
780DB557,7DA19E2F
780DB557,7D0262BA
780DB557,0A4A0DD5
780DB557,78AFC067
780DB557,5CAA4824
780DB557,70128864
780DB557,774E4BDE
780DB557,0495DD70
780DB557,7F3E9938
780DB557,8051825D
780DB557,7A61221C
780DB557,76A4E3D5
780DB557,7746FE50
780DB557,7DA0F2DA
780DB557,006E471F
780DB557,7E574B6D
780DB557,80127988
780DB557,8097FD62
780DB557,825C5785
780DB557,8019D03A
7CE119F8,033229B3
7CE119F8,7F7E4DDA
753F4EA3,7CE119F8
7CE119F8,7E4F1339
7CE119F8,7D9FFCC3
7CE119F8,80A6DBED
7FDFE08A,7CE119F8
7CE119F8,803DBF17
71778C33,7CE119F8
7CE119F8,775D3493
7CE119F8,5C0F18DB
7CE119F8,59F592BC
7CE119F8,7D0262BA
825D906D,7CE119F8
7CE119F8,753CA42D
7CE119F8,7DE15AEF
7CE119F8,7946FA26
7CC79B57,8150046B
8150046B,5BD6A9EC
5C093679,8150046B
5F3D263B,8150046B
7701E0B4,8150046B
762A041A,8150046B
7DBB70A9,8150046B
8150046B,76D85940
811D0DF8,8150046B
009013CD,8150046B
0787B6F0,8150046B
7BCF85B3,8150046B
8150046B,5DEC3D30
81452868,8150046B
7D2FE95D,8150046B
8150046B,7551F620
8150046B,78CA08B7
8150046B,5E0F1A67
8150046B,6F02D0CB
586D98B9,8150046B
7D430BC4,8150046B
8150046B,7CB7D174
8150046B,7BC02B53
8150046B,78C1DC0F
7F3C023F,8150046B
5D6629CF,8150046B
5AD3B8EB,8150046B
8150046B,5B06B9C9
5FE4F256,8150046B
8150046B,7D944B50
0CA84F12,8150046B
7E0CAD56,8150046B
80C157DC,8150046B
7985E865,8150046B
7C97C2F5,8150046B
7B1C5981,8150046B
81348785,8150046B
8150046B,5EB14D56
8150046B,75EBE974
595283F6,776105CF
595283F6,7572CAB4
595283F6,7E4F1339
595283F6,800FEDF2
595283F6,805BA10C
595283F6,803DBF17
595283F6,80E4FD0A
595283F6,802D059C
595283F6,7E817B0F
595283F6,7CFA2486
595283F6,7C865FF2
595283F6,7BBE050A
595283F6,7CC2E44C
595283F6,7A9C8D05
78A6AE5A,76BD0F69
78A6AE5A,7A68D5DB
7838B28F,78A6AE5A
76D11CCB,78A6AE5A
78A6AE5A,5A24E2F1
78A6AE5A,5C626740
78A6AE5A,7DAED418
78A6AE5A,807F8EEB
78A6AE5A,7782FE5D
78A6AE5A,06309A47
78A6AE5A,7BEE1A14
78A6AE5A,0C3B93B3
78A6AE5A,7CAAF7A5
78A6AE5A,81531205
78A6AE5A,842DFE86
78A6AE5A,5D4D503F
823A7FAE,78A6AE5A
78A6AE5A,5A12A5C1
78A6AE5A,6CADCE75
78A6AE5A,7F2130E7
78A6AE5A,768A42A5
78A6AE5A,0A46D845
78A6AE5A,76FAA0E7
78A6AE5A,78C03DC8
78A6AE5A,76B07ED9
686A1CD1,5AE242CF
686A1CD1,801A413D
686A1CD1,75C6BD71
686A1CD1,7572CAB4
686A1CD1,7B72E9CB
764DD1EC,686A1CD1
686A1CD1,80415D94
686A1CD1,0D380A8C
686A1CD1,7EBE8557
686A1CD1,7F90B621
686A1CD1,00825C22
76E766AA,686A1CD1
686A1CD1,72D9F1B6
686A1CD1,803DBF17
757F63F5,78844BE6
805C8FA1,78844BE6
7C775E3D,583CC201
7C775E3D,7F90B621
7C775E3D,7810630C
7C775E3D,7D5CA010
7C775E3D,5C521E1D
7C775E3D,7AFB1987
7C775E3D,7FC1B499
5C9DAE3F,7C775E3D
7C775E3D,0A918C2C
7C775E3D,6F5E7C31
7C775E3D,7936ACB6
774A0F63,7C775E3D
7C775E3D,81348785
7C775E3D,812313D9
7C775E3D,794D1041
7C775E3D,7D777A7A
7C775E3D,7DC5E483
7C775E3D,7DFF5FA4
7C775E3D,0FA4DE56
7C775E3D,5D54CDDC
7C775E3D,7D471D40
7C775E3D,7B8BE146
7C775E3D,7F4AE971
7C775E3D,7E1F6EC4
7C775E3D,085B9585
6C150B10,7BC1160E
84A4E375,7BC1160E
7BC1160E,7766FCE1
7ED5F501,7BC1160E
7C006160,7BC1160E
0A739007,7BC1160E
7BC1160E,7E6BF1F9
7BC1160E,7CEF7D8C
7BC1160E,79EE20D8
08D8E86F,7BC1160E
7BC1160E,5F096F88
7BC1160E,7C2CFAAD
7BC1160E,5C30039A
5FC9AF35,7BC1160E
7BC1160E,76C92EA9
7BC1160E,7F2130E7
7BC1160E,8128FE98
7BC1160E,762D60BB
7BC1160E,80FAE061
7BC1160E,7D050724
7BC1160E,7F1441CF
7BC1160E,7A310EAA
7BC1160E,7EC4A28E
30079A4F,7BC1160E
7BC1160E,8102F794
7BC1160E,78BD24AA
79254578,7BC1160E
7D66339C,7BC1160E
777CA490,7BC1160E
5F0BB358,7BC1160E
7BC1160E,7FCFBAE6
84592E4A,814DB6A7
814DB6A7,03255A62
7FAB3F9A,814DB6A7
820E91D1,814DB6A7
7E77547F,814DB6A7
7F193A72,814DB6A7
814DB6A7,0133FF05
7D0600D3,814DB6A7
5DB56B88,814DB6A7
814DB6A7,03619071
814DB6A7,812313D9
814DB6A7,0BCDDB97
01D0BEAE,814DB6A7
4ABFA8C9,814DB6A7
142DC7FA,814DB6A7
814DB6A7,77B562B0
814DB6A7,75EBCB47
59D9D67D,814DB6A7
789321CF,814DB6A7
0400B010,814DB6A7
5C38ADAA,814DB6A7
814DB6A7,5D9C9445
814DB6A7,5EE8899F
7FDE291E,814DB6A7
814DB6A7,5D883DA6
814DB6A7,7D68C1EB
814DB6A7,7F794EAF
7E7A3D19,814DB6A7
7DF2D66E,814DB6A7
7E14BE32,814DB6A7
814DB6A7,05727816
58464D1A,814DB6A7
76DEA13E,814DB6A7
5D4F708A,7205CD21
5E2AB30B,5D4F708A
5D4F708A,085B9585
76631419,5D4F708A
827F1CF1,5D4F708A
77A0F328,5D4F708A
7E6AAFD8,5D4F708A
5B9A70F4,5D4F708A
5D4F708A,7932182A
5D4F708A,7A1A338F
5D4F708A,5874380A
6B340022,07B10664
07B10664,78CD1A8B
07B10664,588981A5
5ECF0731,07B10664
01D6359E,07B10664
82407A7B,07B10664
07B10664,0A9868E9
59A6F42F,07B10664
7784FF80,07B10664
79C9DEE4,07B10664
649240C0,07B10664
697EDD57,07B10664
07B10664,7D6F7248
07B10664,756CCAD8
823B6D2B,07B10664
07B10664,0A7D0392
75B26813,07B10664
07B10664,756276A9
59DEE066,07B10664
5BF5A010,750AE0C9
750AE0C9,60278013
750AE0C9,0815C8B8
73D8412B,750AE0C9
750AE0C9,812B0C05
7D1E3768,750AE0C9
750AE0C9,7B165163
750AE0C9,5E74AB05
0ADFFD14,750AE0C9
750AE0C9,7EC3F924
80B1FAFF,750AE0C9
750AE0C9,5C683F3D
750AE0C9,7535D223
750AE0C9,795E348A
5F7CEE94,750AE0C9
78A1794F,750AE0C9
750AE0C9,7F92AF97
7F31872A,750AE0C9
750AE0C9,78394462
750AE0C9,79DA46B1
79C9DEE4,58A91F7E
79C9DEE4,7C569B21
79C9DEE4,5D9EF0B1
80AB6030,79C9DEE4
59DEE066,79C9DEE4
79C9DEE4,7F606C90
79C9DEE4,79E46A8F
79C9DEE4,07B10664
79C9DEE4,7C050E52
79C9DEE4,030A88EA
7F65815D,79C9DEE4
79C9DEE4,5F02FE51
825917C5,75B3A900
7ADCD276,75B3A900
6DC8EE31,75B3A900
800EF7D7,75B3A900
7E421E56,75B3A900
80B2EB3F,75B3A900
76AA3A42,75B3A900
80133EE9,75B3A900
75B3A900,02AC9724
7F33CB7B,75B3A900
5BCD511B,75B3A900
81194B8D,75B3A900
7B6854C5,75B3A900
5C0693DE,75B3A900
5A64AE01,75B3A900
7543B230,75B3A900
7D48EC72,75B3A900
7D859134,75B3A900
80E6D6C7,75B3A900
71149D42,75B3A900
7B59C5C0,75B3A900
75B3A900,7DA19E2F
5F9BC214,75B3A900
6F20E325,75B3A900
77B60B1C,75B3A900
783471A0,75B3A900
75B3A900,7AD16376
7B36049F,78EE3A7B
7B36049F,77E2434A
7B36049F,789CB0B4
11EA3977,7B36049F
8419F486,7B36049F
79B85F69,7B36049F
7B36049F,7C7CF4FE
7B36049F,77F2D3BA
794E89FF,7B36049F
59BD5F08,7B36049F
5B93EEE9,7B36049F
7B36049F,0C3B93B3
7B36049F,58FAB55A
7B36049F,5D2F9CA6
816A892E,7B36049F
764071AF,7B36049F
7B36049F,7D91CC1C
7B36049F,807F8EEB
7B36049F,03900A9E
7B36049F,7771F2C6
822D0358,7B36049F
7B36049F,04A7995B
66F060B3,7B36049F
7B36049F,7C14AD46
7B36049F,7EF60CC9
00020792,7B36049F
7B36049F,1042BBC3
7EB3BB49,7B36049F
7FE83A9B,7B36049F
7B36049F,19E13565
7B36049F,592B092F
7B45132D,7B36049F
7B36049F,78763BB5
2D18C73C,7B36049F
7B36049F,1517E77D
7C3B2EAC,7B36049F
7B36049F,79203129
75CF6EC7,7B36049F
7B36049F,7EE5AC90
7781F6E3,7B36049F
7B36049F,7F2E388E
7F41F805,7B36049F
7B36049F,030A88EA
837B87EE,7B36049F
7B36049F,769E8725
7B50826E,7B36049F
7D59B1E0,7B36049F
7B36049F,79AD6C1D
5DFB118F,7B36049F
7B36049F,78719609
7E80E119,7B36049F
1301A2D7,7B36049F
7B36049F,7E8F839C
